Rank,Score,Repo,Stars,Scope,PM_fit,Skills,Subagents,Context_mgmt,Deep_dived,Last_activity,Author_credibility,What_it_is,URL
1,9,msitarzewski/agency-agents,118193,pm-team,high,Y,Y,Y,Y,2026-06-29,"msitarzewski (individual; MIT licensed) — Very high adoption (118k stars, 19.4k forks — verified via GitHub API), updated today (2026-06-29), 352+ commits. Agents are real, detailed role definitions organized by business division, including dedicated product and project-management folders.","A 232-agent ""AI agency"" roster (16 divisions incl. Product=5 and Project Management=7 agents) where each agent is a single markdown file with YAML frontmatter + a fixed identity/mission/rules/deliverables/workflow/metrics anatomy, plus a build pipeline that transpiles every agent into 12+ coding-tool formats and worked examples of running 8 agents in parallel.",https://github.com/msitarzewski/agency-agents
2,9,github/spec-kit,116309,pm-framework,high,Y,Y,Y,Y,2026-06-26,"GitHub (Microsoft) — first-party vendor toolkit — Extremely high adoption (~116k stars, 10k forks), official GitHub org, actively maintained (v0.11.9, recent pushes), strong docs + GH Pages site, MIT. Authoritative reference for spec-driven workflows.","A Spec-Driven Development framework + Python CLI (specify) that turns a natural-language feature description into an executable, dependency-ordered build via a fixed command chain (constitution → specify → clarify → plan → tasks → analyze → implement), where each step writes a Markdown artifact the next step reads, governed by a project constitution.",https://github.com/github/spec-kit
3,8,anthropics/skills,156570,vendor-baseline,medium,Y,Y,Y,Y,2026-06-27,"The canonical, vendor-authored reference implementation of the Skills format every PM-OS repo in the list copies. Baseline for studying skill structure/frontmatter conventions. Missing and clearly the biggest fish for the SKILLS axis.","Anthropic's official reference collection of ~17 Agent Skills (document suite + creative/dev/enterprise examples) plus the canonical SKILL.md spec, a skill template, a marketplace manifest, and a meta-skill (skill-creator) that builds, evals, and benchmarks skills with its own subagents — the format every downstream PM-OS repo copies.",https://github.com/anthropics/skills
4,8,garrytan/gstack,117932,pattern-donor,medium,Y,Y,Y,Y,2026-06-25 (pushed),"Garry Tan (President & CEO of Y Combinator; very notable founder) — Massive adoption (118k stars, 17.5k forks) and high-profile author (YC CEO), MIT, actively maintained. Caveat: it is fundamentally a software-team / coding workflow, not a product-management OS — PM shows up as a strategy/review phase (CEO review, office hours) bolted onto a build pipeline, so PM relevance is partial.","An open-source Claude Code skill pack (""AI software factory"") of 23+ slash-command roles (CEO, eng manager, designer, QA, security, release engineer) wired into a Think→Plan→Build→Review→Test→Ship→Reflect sprint, with a document-handoff chain, cross-session GBrain code index, decaying taste profiles, and a tiered preamble injection engine.",https://github.com/garrytan/gstack
5,8,gsd-build/get-shit-done,64570,pattern-donor,high,Y,Y,Y,Y,2026-05-31,"gsd-build (org); created by TÂCHES — 64.6k stars, ~2,900 commits, latest release v1.42.3 (May 2026) — very high adoption and rich history. Caveat: this repo is ARCHIVED; current work lives at github.com/open-gsd/gsd-core, so a deep dive should also check that successor.","GSD (""Get Shit Done"") is a multi-runtime (Claude Code / Codex / Gemini / Grok) spec-driven development framework that decomposes work into phases and runs heavy research/planning/execution/verification in fresh-context subagents coordinated by /gsd:* slash-command orchestrators backed by a TypeScript SDK that composes prompts and manages planning state; this repo is archived, with active development at open-gsd/gsd-core.",https://github.com/gsd-build/get-shit-done
6,8,Fission-AI/OpenSpec,57608,pm-framework,high,Y,,Y,Y,2026-06-28,"Fission-AI (org) — 57.6k stars, very active (v1.5.0 release, pushed Jun 28 2026), real TypeScript implementation with src/, schemas/, docs/, tests/. Strong adoption and maintenance signals. Spec/proposal artifacts and folder-per-change give it explicit context hygiene.","A spec-driven-development framework + TypeScript CLI that makes AI coding assistants plan before they code: every change becomes a folder of proposal → specs → design → tasks artifacts, gated by a dependency graph and driven by /opsx slash commands that fetch just-in-time instructions from a YAML workflow schema.",https://github.com/Fission-AI/OpenSpec
7,7,bmad-code-org/BMAD-METHOD,49830,pm-framework,high,Y,Y,Y,Y,2026-06-29,"BMad Code, LLC (bmad-code-org) — independent open-source org; the de-facto reference multi-agent SDLC framework in the agentic-coding community — Very high adoption (~49.8k stars, 5.7k forks), actively maintained (v6.9.0, daily commits), extensive docs/website, active discussions. One of the most-cited multi-agent dev frameworks. License is NOASSERTION/Other — worth checking before reuse.","""Breakthrough Method of Agile AI-Driven Development"" (v6) — a full-SDLC framework where 12+ named persona agents (Analyst, PM, UX, Architect, Dev, etc.) and 34+ phase-organized skills hand structured artifacts (brief → PRD → architecture → epics → sharded docs → story files) down a file-based baton chain, installed across Claude Code / Cursor / web LLMs via an npx installer and a Claude-plugin marketplace.",https://github.com/bmad-code-org/BMAD-METHOD
8,7,anthropics/claude-plugins-official,31299,vendor-baseline,high,Y,Y,Y,Y,2026-06-29,The official plugin marketplace manifest — defines how skills+subagents+slash-commands+connectors are bundled per job function. The PM-plugin survey's vendor baseline; ships the official Product-Management plugin. Major omission.,"Anthropic's official Claude Code plugin marketplace: a single .claude-plugin/marketplace.json directory listing 243 installable plugins (mostly third-party, sourced from external git repos) plus ~36 Anthropic-internal reference plugins under /plugins, each bundling commands + agents + skills + MCP config under a standard plugin.json layout.",https://github.com/anthropics/claude-plugins-official
9,7,eyaltoledano/claude-task-master,27718,pm-framework,high,Y,Y,Y,Y,2026-04-28,"Extremely popular PRD->tasks engine, directly adjacent to ccpm/task-management category in the list but bigger and canonical. Core to PRD-agent + project-management axes. Notable omission.","A PRD-to-structured-tasks engine for AI-driven development: parses a written PRD into a hierarchical, dependency-aware task graph stored as a tag-partitioned tasks.json, exposed identically as a CLI and an MCP server, with complexity analysis, task expansion into subtasks, and a Claude Code plugin that ships an orchestrator/executor/checker agent team.",https://github.com/eyaltoledano/claude-task-master
10,7,anthropics/knowledge-work-plugins,22148,vendor-baseline,high,Y,Y,Y,Y,2026-06-29,"Anthropic (official) — Official Anthropic repo, 22.1k stars / 2.6k forks, actively maintained (pushed 2026-06-29), 202 commits. The canonical reference for how Anthropic structures a PM plugin (skills auto-invoked vs commands explicit, MCP connectors).","Anthropic's official knowledge-work plugin marketplace; the product-management plugin is a skill-first PM toolkit — 8 auto-invoked SKILL.md skills (write-spec, roadmap-update, stakeholder-update, synthesize-research, competitive-brief, metrics-review, sprint-planning, product-brainstorming), exactly ONE explicit slash command (/brainstorm), and a 16-server HTTP-MCP connector layer addressed through tool-agnostic ~~category placeholders.",https://github.com/anthropics/knowledge-work-plugins
11,7,phuryn/pm-skills,21640,pm-core,high,Y,,Y,Y,2026-06-22,"Paweł Huryn (phuryn) — author of The Product Compass newsletter (large PM following) — By far the most popular (21.6k stars, 2.2k forks) and backed by a major PM newsletter, MIT-licensed, active. Marketplace/plugin index framing; stateless skills, explicitly no subagents or persistent memory. README is index-level but the repo ships actual SKILL.md/command/plugin files.","A Claude/Codex marketplace of 9 installable PM plugins bundling ~68 framework-encoded skills (SKILL.md) and ~42 slash-command workflows that chain those skills into end-to-end PM processes (discover → strategy → execution → launch → AI-shipping), explicitly stateless (no memory, no subagents).",https://github.com/phuryn/pm-skills
12,6,ruvnet/claude-flow,62025,pattern-donor,low,Y,Y,Y,Y,2026-06-29,"~31k stars, the most popular multi-agent SUBAGENT orchestration framework for Claude Code. Canonical reference for swarm/subagent coordination and shared-memory context management. Major omission on the SUBAGENT axis.","A large multi-agent orchestration framework for Claude Code: a Queen-led hive-mind swarm with 74+ markdown-defined specialist agents, 150+ slash commands, 43 SKILL.md skills, lifecycle hooks that persist/restore memory, and a SQLite+vector (AgentDB) shared-memory layer namespaced as a swarm key-space.",https://github.com/ruvnet/claude-flow
13,6,wshobson/agents,37318,subagent-catalog,medium,Y,Y,Y,Y,2026-06-29,"wshobson (Seth Hobson, sethhobson.com); independent maintainer — Very high adoption (37.3k stars), actively maintained (pushed 2026-06-29, 508 commits), MIT, comprehensive docs (docs/agents.md, docs/plugins.md) and an evaluation harness. Mostly engineering-oriented; PM/business is a small slice.","A multi-harness agentic plugin marketplace: 88 plugins / 194 agents / 158 skills / 106 commands authored once as markdown under plugins/<name>/ and generated into native artifacts for Claude Code, Codex, Cursor, OpenCode, Gemini, and Copilot — shipped with a three-layer (static + LLM-judge + Monte-Carlo) plugin quality-evaluation framework.",https://github.com/wshobson/agents
14,6,coreyhaines31/marketingskills,35383,growth-marketing,medium,Y,,Y,Y,2026-06-28,"Corey Haines (coreyhaines31) — well-known SaaS marketer; founder of Conversion Factory and the Swipe Files / AI Marketing Training communities. Site: marketing-skills.com — Strong adoption (~35.4k stars, 5.7k forks), actively maintained (v2.5.1, near-daily pushes), MIT, dedicated site + skill validators. Credible domain author. Note: high fork count relative to topic suggests template/plugin reuse.","A 45-skill Agent-Skills marketing library (CRO, copywriting, SEO, pricing, launch, positioning, RevOps) packaged as a cross-agent skills pack + Claude Code plugin marketplace, with a shared product-marketing context file, official+custom skill validators, CI matrix validation, and a 51-tool MCP/CLI integration registry.",https://github.com/coreyhaines31/marketingskills
15,6,VoltAgent/awesome-agent-skills,26791,subagent-catalog,medium,,,,,2026-06-24,"VoltAgent (open-source agent-framework company; no Anthropic affiliation) — High visibility (26.8k stars, updated June 2026, backed by VoltAgent). But it is an index/link list — the actual skill implementations live in external repos, so there is little to study in-repo beyond the curation itself.","A large curated 'awesome list' indexing 1,000+ (claimed 1,400+) agent skills from official dev teams (Anthropic, Google Labs, Vercel, Stripe, Cloudflare, Netlify, Figma, Hugging Face, etc.) and the community, compatible with Claude Code, Codex, Gemini CLI, Cursor and more. It routes to skills hosted elsewhere rather than containing SKILL.md implementations itself. Includes product-management entries (Dean Peters, Pawel Huryn) and growth/marketing skills (Corey Haines: pricing-strategy, launch-strategy).",https://github.com/VoltAgent/awesome-agent-skills
16,6,garrytan/gbrain,24497,pattern-donor,medium,Y,Y,Y,Y,2026-06-25,"garrytan (Garry Tan, CEO of Y Combinator) — Confirmed real via API (24.5k stars, pushed 2026-06-25, 333 commits, MIT). Notable backer (YC CEO). It is a context-management/memory engine, not a PM skills pack.","A markdown ""brain"" repo (people/companies/deals/concepts/…) that syncs into Postgres+pgvector (or zero-config PGLite/WASM) for hybrid vector+BM25 retrieval, with a self-wiring typed-edge knowledge graph, a synthesis layer that returns cited answers + gap analysis, a Postgres-native durable subagent queue (""Minions""), and ~40 fat-markdown skills routed by YAML frontmatter triggers.",https://github.com/garrytan/gbrain
17,6,VoltAgent/awesome-claude-code-subagents,22549,subagent-catalog,medium,,Y,Y,Y,2026-06-24 (pushed),"VoltAgent (org behind the VoltAgent TypeScript AI-agent framework) — Very high adoption (22.5k stars, 2.6k forks), actively maintained, MIT, backed by a real agent-framework company. It is primarily a broad dev-focused subagent catalog; PM/project-manager content is a small slice. Quality of individual subagent prompts is the open question worth checking.","A curated catalog of 154+ Claude Code subagents — single-file markdown agent definitions (system-prompt + frontmatter) organized into 10 category folders, installable as per-category plugins; the PM-relevant ones live in categories/08-business-product.",https://github.com/VoltAgent/awesome-claude-code-subagents
18,6,alirezarezvani/claude-skills,19345,pattern-donor,high,Y,Y,Y,Y,2026-06-26 (pushed),"alirezarezvani (Alireza Rezvani, individual; markets via Medium) — High adoption (19k stars, 2.6k forks) and very actively updated, MIT, GitHub Pages + Discussions enabled. Breadth is enormous which can mean thin/uneven quality per skill; the self-promotional framing and sheer count warrant spot-checking the product-team skills for substance vs. volume.","A 345-skill / 78-plugin / 93-agent monorepo ""skills library"" packaged as a Claude Code marketplace with cross-harness adapters (Codex/Gemini/Cursor/Hermes/Vibe), a strict per-skill authoring contract enforced by CI validators, persona agents paired with slash commands, an orchestration protocol of four named coordination patterns, a session-handoff plugin with SessionStart/SessionEnd hooks, and a self-improving-agent plugin with a MEMORY.md→promote→CLAUDE.md curation lifecycle.",https://github.com/alirezarezvani/claude-skills
19,6,automazeio/ccpm,8233,pm-framework,high,Y,Y,Y,Y,2026-03-18,"Automaze (automazeio) — software studio that partners with founders on building/scaling products — Solid adoption (~8.2k stars, 832 forks), MIT, but last push 2026-03-18 (slowing — ~3 months stale at survey time). Real, complete implementation with SKILL.md + scripts; well-documented README.","A spec-driven project-management framework for Claude Code that turns a PRD into a technical epic, decomposes it into dependency-tagged task files, syncs those to GitHub Issues (as the durable database) via the gh CLI, and runs multiple parallel sub-agents in a git worktree — all packaged as a single skill (skill/ccpm/SKILL.md) plus six reference procedure docs and 14 bash status scripts.",https://github.com/automazeio/ccpm
20,6,deanpeters/Product-Manager-Skills,5471,pm-core,high,Y,,Y,Y,2026-06-25,"Dean Peters (deanpeters) — product-management author/practitioner; widely shared in the PM community — Strong adoption (5.5k stars, 687 forks), actively maintained (pushed Jun 2026), custom license, topics tagged for PM/AI. Real SKILL.md library, not a link list; pedagogically dual-purpose (teaches PM reasoning + failure modes).","A library of ~49-52 markdown PM-framework ""skills"" (component / interactive / workflow tiers) packaged for Claude Code, Codex, and ChatGPT, where interactive skills run an ""Adaptive Decision Ladder"" (3-5 clarifying questions → numbered, context-aware recommendations) and slash-commands chain named skills into end-to-end workflows.",https://github.com/deanpeters/Product-Manager-Skills
21,5,contains-studio/agents,12400,pm-team,high,,Y,,Y,2025 (active; ~10 commits on main),"contains-studio (Contains Studio, a dev/design studio) — Very high adoption (12.4k stars, 2.5k forks), MIT, real agent files not just a link list. Sparse per-file frontmatter but extensive system prompts. Widely referenced as a reference subagent collection.","A flat catalog of ~39 single-file Claude Code subagents organized into 8 ""studio department"" folders (engineering, design, marketing, product, project-management, studio-operations, testing, bonus); each agent is a markdown file with YAML frontmatter + a long structured system prompt, installed by copying into ~/.claude/agents/. No skills, no commands, no plugin manifest, no context tree — it is purely a subagent-definition library built around a 6-day-sprint studio metaphor.",https://github.com/contains-studio/agents
22,5,snarktank/ai-dev-tasks,7769,pm-framework,high,Y,,Y,Y,2025-11-05,"snarktank (Ryan Carson, founder of Treehouse; well-known dev-education entrepreneur) — 7.8k stars, Apache-2.0, widely referenced PRD-first workflow popularized via the 'How I AI' podcast. Notable founder. Last push Nov 2025 — stable rather than actively iterated. Pure markdown templates, very approachable.","A two-file, tool-agnostic markdown prompt-template framework that turns a one-line feature request into a clarified PRD, then a checkbox task list, then a human-checkpointed one-sub-task-at-a-time build loop.",https://github.com/snarktank/ai-dev-tasks
23,5,sdi2200262/agentic-project-management,2344,pm-framework,high,Y,Y,Y,Y,2026-06-08,"sdi2200262 (individual maintainer) — 2.3k stars, actively maintained (v1.0.2 released June 2026), real code + skills + templates, standalone skills README. Not PM-software specific but the planner/manager/worker pattern and context-handoff design are directly studyable for a PM-OS.","A Node.js CLI (`apm init`) that installs a spec-driven multi-agent project-management framework into a repo: a Planner produces Spec/Plan/Rules + a populated `.apm/` state tree, a Manager dispatches self-contained Task Prompts to Worker agents over a file-based ""Message Bus,"" and all project state lives in structured files outside any agent's context, with handoff logs transferring working knowledge to fresh agent instances when context fills.",https://github.com/sdi2200262/agentic-project-management
24,5,rohitg00/awesome-claude-code-toolkit,2205,subagent-catalog,high,Y,Y,Y,Y,2026-05-12,"rohitg00 (individual; Apache-2.0) — 2.2k stars, Apache-2.0, last pushed May 2026. Confirmed to contain genuine agent definition files (not just links), including a dedicated business-product category with PM/scrum/project-manager agents, plus skills and contexts folders.","A large aggregated catalog for Claude Code — 135 agents (markdown+frontmatter personas), 35 vendored skill folders (+a SkillKit marketplace pointer), 42 commands, 20 lifecycle hooks, 5 ""context"" mode files, and a plugin marketplace.json — installable via /plugin marketplace or git clone into ~/.claude.",https://github.com/rohitg00/awesome-claude-code-toolkit
25,4,hesreallyhim/awesome-claude-code,36800,subagent-catalog,low,,,,,unknown,"~37k stars, the single most-cited curated index of the entire Claude Code ecosystem. Essential discovery surface and a completeness check for any agent-catalog survey. Biggest awesome-list fish, currently missing.","The canonical hand-curated awesome-list of Claude Code skills, hooks, slash-commands, agent orchestrators, plugins.",https://github.com/hesreallyhim/awesome-claude-code
26,4,davila7/claude-code-templates,28300,subagent-catalog,low,,,,,unknown,"~28k stars, one of the largest agent/command/skill catalogs with an installer CLI. Explicitly named in the brief as a target marketplace; high-value for SKILLS + SUBAGENT taxonomy. Major omission.","CLI tool + huge library of ready-to-use Claude Code agents, commands, settings, hooks, MCPs, and project templates.",https://github.com/davila7/claude-code-templates
27,4,buildermethods/agent-os,4973,pm-framework,medium,Y,,Y,Y,2026-05-05,A leading spec-driven framework (mentioned alongside spec-kit/Kiro/Tessl in SDD roundups) with a strong spec/standards-as-context model. Directly relevant to the spec-driven framework + context-management axes. Missing.,"A spec-driven-development framework (Brian Casel / Builder Methods) that extracts a codebase's own conventions into versioned ""standards"" files, indexes them, and injects only the relevant ones into the AI's context when planning or coding — plus a 9-step ""shape-spec"" command that turns a feature into a discoverable spec folder (plan.md/shape.md/standards.md/references.md/visuals/).",https://github.com/buildermethods/agent-os
28,4,jeremylongshore/claude-code-plugins-plus-skills,2500,subagent-catalog,medium,Y,Y,Y,,"2026 (active, 1411 commits)","jeremylongshore (Jeremy Longshore / Intent Solutions, tonsofskills.com) — High adoption (~2.5k stars), very active, automated PR validation against AgentSkills.io + Claude Code spec, CLI on npm, docs site. Broad/general-purpose, not PM-focused; quality varies across a huge crowd-sourced catalog.","Large open-source marketplace/catalog for Claude Code: advertises 425 plugins, 2,810 skills, 200 agents, with the ccpi CLI package manager (npm @intentsolutionsio/ccpi) and a spec validator. Contains real SKILL.md skills, plugin.json/MCP plugins, and subagents, plus a Learning Lab with playbooks and notebooks.",https://github.com/jeremylongshore/claude-code-plugins-plus-skills
29,4,huytieu/COG-second-brain,567,pattern-donor,high,Y,Y,Y,Y,2026-06-22 (pushed),"huytieu (individual developer) — Moderate adoption (567 stars, 73 forks), actively maintained, MIT. Strong architectural documentation and the closest structural analogue to Alex's own AO-Personal-OS (knowledge tree + people CRM + skills + context-update workflow). Per-skill depth and how 'self-evolving' actually works are worth verifying.","A markdown-only ""second brain"" / PM-OS plugin (v3.6.0, MIT) with a numbered 00-06 knowledge vault, a tiered-enrichment people CRM, 19 model-invoked skills + 6 Sonnet worker agents + 7 role packs, a shared loop-engineering reference, and cross-harness packaging (Claude Code / Kiro / Gemini CLI / Codex via AGENTS.md).",https://github.com/huytieu/COG-second-brain
30,4,anombyte93/prd-taskmaster,561,pm-framework,high,Y,Y,Y,Y,2026-06-13 (v5.2.0),"anombyte93 (independent developer) — By far the most adopted (561 stars), actively maintained (v5.2.0 mid-June 2026), serious engineering: ~300 tests, MCP server, hooks, phased execution. MIT (free core; some Pro features gated). The strongest credibility signal of the set.","""Atlas engine"" — a Claude Code plugin that turns a one-line goal into a PM-style discovery interview, a letter-graded placeholder-proof PRD, a dependency-ordered tasks.json, and evidence-gated execution that only emits an unfakable SHIP_CHECK_OK token when deterministic re-execution + reachability gates pass; Pro tier adds an ""Atlas Fleet"" of dependency-wave parallel worktree workers behind checker-gated merges, with cross-vendor model-cost routing.",https://github.com/anombyte93/prd-taskmaster
31,4,amanaiproduct/personal-os,512,pm-core,high,Y,Y,Y,Y,2026-03-22,"amanaiproduct (Aman Khan — author of the book 'AI Product Management', product leader) — 512 stars; notable author (Aman Khan, recognized PM voice/author). Last commit 2026-03-22 (somewhat less recent). 53 commits. Goal-driven prioritization + evals + MCP dedup server are concrete implementations; core lacks a formal skill library though an optional skill pack exists.","A minimalist, file-based ""personal OS"" for AI-PMs by Aman Khan: a brain-dump BACKLOG.md is turned into goal-anchored, priority-capped task files by a Python MCP server with string-similarity dedup, plus a Claude Code session-eval harness that traces .jsonl sessions into reviewable judgement/axial-code reports.",https://github.com/amanaiproduct/personal-os
32,4,product-on-purpose/pm-skills,428,pm-core,high,Y,Y,Y,Y,2026-06-24,"Product on Purpose (org) — Most engineering-mature of the set: declarative skill+template+example structure, real subagents, and CI-enforced quality gates and trigger evals. Apache 2.0, GitHub Pages site, active (Jun 2026), v2.29.x releases. Moderate stars (428) but high substance.","A 68-skill PM library (30 phase + 11 foundation + 12 utility + 15 tool) organized on the Triple Diamond framework, where each skill is a SKILL.md + references/TEMPLATE.md + references/EXAMPLE.md triad, backed by 6 named sub-agents, 12 workflow chains, ~95 fictional-company sample outputs, and a large CI validator suite that enforces skill/trigger/cross-ref/output-quality contracts.",https://github.com/product-on-purpose/pm-skills
33,4,aakashg/pm-claude-code-setup,139,pm-team,high,Y,Y,Y,Y,2026-03-04,"Aakash Gupta (aakashg) — well-known PM creator/newsletter (news.aakashg.com 'PM OS') — Notable author (large PM audience), 139 stars/40 forks, small repo, last pushed Mar 2026 (starter kit, not actively iterated). MIT. Minimal but concrete: a CLAUDE.md context file, real skill prompts, and an explicit context-management discipline (HANDOFF.md, context clearing).","A deliberately minimal, drop-in Claude Code starter for product managers: a ~70-line ""config-not-manual"" CLAUDE.md (identity + writing rules + a 6-reviewer persona table + verification sequence + context-management rules), 6 flat single-file PM SKILL.md workflows, and 4 root-level deliverable templates — explicitly positioned as the free on-ramp to a paid 41-skill ""PM OS.""",https://github.com/aakashg/pm-claude-code-setup
34,4,Digidai/product-manager-skills,117,pm-core,high,Y,,Y,Y,2026-04-12 (v0.5.2),"Digidai (independent developer) — Highest organic adoption of the set for a pure-PM skill (117 stars), recently maintained, well-structured (knowledge/templates/examples). CC BY-NC-SA 4.0 (non-commercial). Cross-tool installable.","A single multi-domain PM ""operator"" skill: one SKILL.md routes any PM request across 7 knowledge domains (discovery, strategy, artifacts, finance, growth, career, AI-product) via an intent→framework→knowledge-file routing table, then loads a just-in-time knowledge module + matching template, applies tiered quality gates, and closes every output with a STATUS marker.",https://github.com/Digidai/product-manager-skills
35,4,slgoodrich/agents,109,pm-team,high,Y,Y,Y,Y,2026-04-10,"slgoodrich (individual) — Smaller adoption (109 stars), last pushed Apr 2026. README is a feature/usage overview; the repo itself ships agent definitions and the pm-setup context scaffold, so it is a real subagent + context-file implementation despite the doc being overview-level. Skills are referenced as knowledge categories, not full SKILL.md units.","""AI PM Copilot for Claude Code"" — a two-plugin marketplace (ai-pm-copilot + agent-teams) giving solo devs a product-manager router agent over 7 PM specialists, a Haiku context-scanner, 17 framework skills, and 3 experimental multi-agent debate team presets, all anchored on an 8-file .claude/product-context/ knowledge base.",https://github.com/slgoodrich/agents
36,3,eugeniughelbur/obsidian-second-brain,2800,pattern-donor,low,Y,Y,Y,Y,2026-06-28 (v0.11.1 release),"eugeniughelbur (individual) — Highest adoption of the set (2.8k stars), very actively maintained (v0.11.1 Jun 28 2026), full repo: SKILL.md, CLAUDE.md, architecture.md, adapters/, hooks/, integrations/, tests/, CHANGELOG, CONTRIBUTING. Strong docs.","A cross-platform Claude skill (44 slash commands) that turns an Obsidian vault into a self-rewriting LLM-Wiki: sources rewrite 5-15 existing pages instead of appending, contradictions auto-reconcile, bi-temporal facts are preserved in a timeline frontmatter array, every note carries a 'For future Claude' preamble, and a progressive L0-L3 context engine bootstraps identity from a ~120-token CRITICAL_FACTS.md core.",https://github.com/eugeniughelbur/obsidian-second-brain
37,3,zubair-trabzada/ai-marketing-claude,2002,growth-marketing,low,Y,Y,Y,Y,2026-03-02,"zubair-trabzada (independent; agency/solopreneur audience) — Moderate adoption (2.0k stars), pushed 2026-03-02 but only 1 commit on main (squashed/minimal history). Marketing-services oriented; demonstrates a real multi-skill + parallel-subagent orchestration pattern.","A Claude Code skill pack for marketing/agency work whose flagship `/market audit <url>` fans out 5 dimension-specialist subagents (content/conversion/competitive/technical/strategy) over a website, aggregates their 0-10 dimension scores into a weighted 0-100 marketing score, and compiles a client-ready Markdown or reportlab-generated PDF report; ships with 15 slash commands, 14 sub-skills, 5 agent markdown files, and 4 Python scripts installed flat into ~/.claude/.",https://github.com/zubair-trabzada/ai-marketing-claude
38,3,coleam00/second-brain-starter,641,pattern-donor,medium,Y,Y,Y,Y,2026 (active; exact date unknown),"coleam00 (Cole Medin — well-known AI/agents content creator, ottomator/Archon author) — Notable author with large following; 641 stars; concrete templates + hooks committed, not just docs. README includes architecture diagrams.","A Claude Code skill that generates a personalized 9-phase PRD for building a persistent, multi-platform ""second brain"" AI assistant, shipped with markdown memory-layer templates (SOUL/USER/MEMORY/BOOTSTRAP/HEARTBEAT/HABITS + daily logs) and a detailed architecture-reference blueprint describing the lifecycle hooks, hybrid memory search, Python-CLI integration isolation, and proactive heartbeat loop the PRD tells you to build.",https://github.com/coleam00/second-brain-starter
39,3,NicholasSpisak/second-brain,487,pattern-donor,medium,Y,,Y,,2026-04-07,"NicholasSpisak — individual — Highest adoption of the set (487 stars). Lean (~7 commits), shell-only, but skills + tests + setup wizard present. Reference implementation of the now-popular Karpathy LLM-Wiki pattern.","LLM-maintained personal knowledge base for Obsidian implementing Andrej Karpathy's 'LLM Wiki' pattern: an agent continuously turns raw notes into an interconnected markdown KB. Ships four installable cross-agent skills (/second-brain, /second-brain-ingest, /second-brain-query, /second-brain-lint), a setup wizard, and a vault architecture (raw sources / wiki pages / outputs). Shell-based, generates agent-specific config files.",https://github.com/NicholasSpisak/second-brain
40,3,OpenSQZ/GTPlanner,293,pm-core,high,Y,,Y,,2025-09-15,"OpenSQZ (org) — 293 stars, last release v0.3.4 Sep 2025 (somewhat stale). Substantial Python codebase with agentic flows, MCP, and a real .claude skill. Multilingual docs (EN/ZH/JP). Smaller adoption but concrete implementation.","AI-powered PRD / planning generator (Python, PocketFlow async flows) that turns natural-language descriptions into structured technical docs, system architecture, and SOPs ('Agent PRDs') optimized for AI execution. Ships a CLI, FastAPI service, an MCP service, a prefab component ecosystem, and a Claude Code skill at .claude/skills/gtplanner/ (triggers like 'PRD', '项目规划').",https://github.com/OpenSQZ/GTPlanner
41,3,shawnpang/startup-founder-skills,251,pm-core,high,Y,,Y,Y,Active (recent; date not surfaced in UI),"shawnpang (individual) — Solid adoption (251 stars), MIT-style cross-tool (Claude Code/Cursor/Codex). Confirmed real, detailed skill content (not stubs). Strong, dedicated Product & Strategy section.","A 50-skill markdown library of founder/operator tasks (fundraising, sales, product, recruiting, eng, legal, marketing) where every skill is a SKILL.md folder that reads from one shared `startup-context` foundation file, installed via the `npx skills` CLI.",https://github.com/shawnpang/startup-founder-skills
42,3,iusztinpaul/ai-research-os-workshop,93,pattern-donor,high,Y,Y,Y,Y,2026-06-27,"Paul Iusztin (iusztinpaul) — well-known ML/LLM educator (Decoding ML) — 93 stars, active (last commit 2026-06-27, 36 commits), MIT, authored by a credible LLM educator with strong distribution. Packaged as a proper .claude-plugin with worked examples and a workshop — high pedagogical value.","A Claude Code plugin (""ai-research-os"") that builds and maintains a persistent, LLM-curated Obsidian ""second-brain"" research wiki: it ingests sources (GitHub/YouTube/web/PDF/Obsidian/Readwise/NotebookLM), spawns parallel subagent writers to synthesize source/entity/concept/comparison pages, and serves questions via INDEX-based progressive drilling with no vector DB.",https://github.com/iusztinpaul/ai-research-os-workshop
43,3,aakashg/pm-claude-skills,87,pm-core,high,Y,,Y,Y,"2026 (recent, ~25 commits)","Aakash Gupta (@aakashg), Product Growth newsletter (news.aakashg.com) — well-known PM influencer — Authored by a prominent PM thought leader (notable backer signal), MIT-licensed, real SKILL.md implementations, reasonable stars for niche. Small (5 skills); skills lean toward content/communication more than deep PM craft.","5 drop-in Claude Code skills for product managers (LinkedIn post writer, idea validator, prompt engineer, product designer, status-update writer), each a single SKILL.md ""playbook"" copied into .claude/skills/, with the README prescribing a CLAUDE.md-for-identity / skills-for-tasks split.",https://github.com/aakashg/pm-claude-skills
44,3,itseffi/personal-os,80,pm-core,high,Y,Y,Y,Y,"2026 (active; ~12 commits, exact date unknown)","itseffi (individual) — Lower stars (80) but by far the richest PM-skill content (57 skills, ~21 product/strategy-specific), eval scripts, multi-runtime adapters. Newer/smaller repo; maintenance signal modest.","A multi-runtime ""personal OS"" that turns a markdown task/goal/knowledge file tree into an agentic productivity system, fronted by ~47 SKILL.md skill packs (≈21 product/strategy), each with an OpenAI-format companion manifest, plus a real CI-style skill-quality linter and three families of Python evals (behavioral, routing, memory-impact).",https://github.com/itseffi/personal-os
45,3,modimihir07/agentic-os,59,pattern-donor,high,Y,Y,Y,Y,2026-06-29,"modimihir07 — individual — 59 stars, very active (last commit today, 33+ commits), MIT. Substantial real code across agents/scheduler/skills/dashboard/brain. Multi-runtime (not Claude-specific) but architecturally the richest of the set. Kind better described as 'agentic-os' but mapped to closest enum.","A locally-hosted FastAPI ""operating system"" that orchestrates three free-tier LLM agents (opencode/Hermes/Gemini CLI) over a shared markdown brain with SQLite FTS5 persistent memory, 16 eval-scored executable skills, an APScheduler cron engine with file-watcher auto-reload, cost analytics, and a constitution-governed self-improvement loop.",https://github.com/modimihir07/agentic-os
46,3,jinjin1/Cursor-for-Product-Managers,56,pm-team,high,Y,Y,Y,Y,2026-06-05,"jinjin1 (individual; fork lineage from snarktank/ai-dev-tasks) — Active (commits through mid-2026), defines a full discovery-to-delivery PM OS with explicit subagents, skills, and a context/workspace structure. Cursor-based (rules/prompts) rather than executable code; quality is prompt-template-driven.","A Cursor-native PM ""OS"" (forked lineage from ai-dev-tasks) that turns Cursor into a continuous-discovery + strategy copilot: one always-on .cursor/rules/*.mdc coach rule, 20 SKILL.md skills, and 3 orchestrating agents that chain skills into discovery / planning / strategy-review pipelines, all writing artifacts into a fixed initiatives/ folder taxonomy.",https://github.com/jinjin1/Cursor-for-Product-Managers
47,3,assimovt/productskills,48,pm-core,high,Y,,Y,Y,2026-02-18 (pushed); repo metadata touched 2026-06-27,"assimovt (Tõnis Assimov, individual developer; not a notable org) — Small but tightly scoped and the single most PM-pure repo in this set. MIT licensed, packaged as a Claude plugin. Low adoption (48 stars, 4 forks) and shallow git history (most commits on creation day), so maintenance signal is thin. Methodology grounding is solid and well-curated.","A clean, install-anywhere pack of 16 methodology-encoded product-management skills (Mom Test, Shape Up, RICE, JTBD/Forces of Progress, April Dunford positioning, Opportunity Solution Trees), each a 50-150-line SKILL.md with minimal YAML frontmatter, bundled as a Claude Code plugin and cross-harness via the `skills add` CLI.",https://github.com/assimovt/productskills
48,3,pratikshadake/claude-product-management-skills,30,pm-core,high,Y,,Y,Y,2026 (unknown exact date),pratikshadake (individual) — Low stars but genuinely PM-focused with real SKILL.md implementations following the agent-skills open standard; claims cross-tool compatibility (Cursor/Cline/35+ agents). Maintenance/adoption signals modest.,"A flat catalog of 15 Claude Code ""decision/diagnosis"" PM skills (problem-clarity, jtbd-extractor, assumption-mapper, value-vs-effort, retention-drop-diagnoser, prd-critic, launch-readiness, etc.), each a SKILL.md with minimal YAML frontmatter + a fixed output-section contract + one worked-example file under references/.",https://github.com/pratikshadake/claude-product-management-skills
49,3,cdeust/ai-prd-generator-plugin,8,pm-framework,high,Y,Y,Y,Y,2026-03-28 (v1.0.0),"Clement Deust (cdeust), independent — 8 stars, recent v1.0.0. Commercial license and partly-encrypted frameworks limit how much of the internals are studyable. Packaged form of the core repo; the skill + MCP + verification structure is the differentiator.","A commercial Claude Code / Cowork plugin that turns a single skill into an 8-step PRD-generation pipeline: type-adaptive clarification, codebase RAG indexing, a 14-engine multi-judge verification stack (adaptive consensus, zero-LLM graph checks, multi-agent debate), 64 enforced output rules, and a 9-file PRD export.",https://github.com/cdeust/ai-prd-generator-plugin
50,3,cdeust/ai-prd-generator,6,pm-core,high,Y,Y,Y,,2026-02-15,"Clement Deust (cdeust), independent — Low adoption (6 stars) but substantive codebase. Heavily Swift (unusual for the ecosystem). This is the upstream/core repo; the -plugin repo is the packaged form. Some frameworks/ encrypted, license commercial in the plugin variant.","Swift-based (80%) AI PRD generator with an MCP server, a skills/ai-prd-generator/ skill dir, and commands/. Produces enterprise PRDs plus JIRA tickets, test cases, and verification reports. Notable engine: multi-LLM verification with 6 algorithms (adaptive consensus, zero-LLM graph verification, multi-agent debate), 8 PRD types, 15 research-based thinking strategies, codebase context indexing. Targets Claude Code CLI and Cowork.",https://github.com/cdeust/ai-prd-generator
51,3,GarrusHuang/prd-writer,1,pm-core,high,Y,,,,2026-04-09,"GarrusHuang — individual developer, no notable affiliation — Very low adoption (1 star, 0 forks), single-day commit history (created and last pushed 2026-04-09 — effectively unmaintained/abandoned-at-launch). MIT. Tiny (~16 KB). Real SKILL.md present but unproven.","A single Claude Code skill (SKILL.md + references/) that interrogates a fuzzy product idea through a multi-phase requirement loop (data source / business rule / exception per feature, to curb hallucinated requirements) and renders the result as a formatted .docx PRD. Bilingual README (EN + zh-CN).",https://github.com/GarrusHuang/prd-writer
52,2,kostja94/marketing-skills,680,growth-marketing,low,Y,,Y,,2026-03-11 (v1.0.0),"kostja94 (individual) — Good adoption (680 stars), MIT, recent v1.0.0 tag. Large skill count but marketing-only; PM relevance is limited to the project-context/task-tracker scaffolding.","160+ marketing SKILL.md skills across 9 categories: SEO, Content, Paid Ads (12+ platforms), Pages (40+ types), Components, Channels, Platforms, Strategies (launch/growth), Analytics. Ships project-context.md and project-task-tracker.md workflow/context templates. For Cursor, Claude Code, OpenClaw.",https://github.com/kostja94/marketing-skills
53,2,OpenClaudia/openclaudia-skills,521,growth-marketing,medium,Y,,,,Recent (active; ~47 commits on main),"OpenClaudia (open-source org) — Healthy adoption (521 stars), MIT, mixed JS/Python/Shell tooling around skills. Real SKILL.md implementations. Marketing-department framing, not PM.","34+ (matrix references 67+) open-source MARKETING skills for Claude Code as SKILL.md files: SEO audits/keyword research/programmatic SEO, content/copy/landing pages, social posting (Reddit/X/LinkedIn/IG/FB), Google/FB/LinkedIn ads, email drip via Resend, growth/pricing/launch/referral. Real skills/ dir with YAML frontmatter + instructions.",https://github.com/OpenClaudia/openclaudia-skills
54,2,smixs/agent-second-brain,285,pattern-donor,low,Y,Y,Y,Y,2026-06-20 (v3.0.3 release),"smixs (individual) — 285 stars, actively released (v3.0.3 Jun 2026), real source tree (src/d_brain, tests, deploy). 'autograph' is a notable typed-memory engine with Ebbinghaus decay tiers + graph maintenance + dedup.","A 24/7 voice-first personal knowledge system: Telegram voice notes -> a long-lived interactive Claude Code session that types/links them into an Obsidian vault governed by the ""autograph"" graph engine with 5-tier Ebbinghaus memory decay.",https://github.com/smixs/agent-second-brain
55,2,charlie947/ai-second-brain,83,pm-core,medium,Y,,Y,,2026 (recent; ~7 commits),"charlie947 — individual; credits Karpathy, Alex Freedman, Greg Isenberg — 83 stars, MIT, clean packaging (CHANGELOG, packaged .skill, social preview). Narrow scope — essentially one skill, not a full OS. Heavily concept-borrowed from the same Karpathy lineage.","A single Claude Code skill (SKILL.md + packaged .skill) that builds a searchable AI second brain from ChatGPT/Claude conversation history and research, Karpathy-style. Orchestrates three setup stages (AI Brain, Karpathy Wiki, Living Wiki); installs to ~/.claude/skills and activates via natural language.",https://github.com/charlie947/ai-second-brain
56,2,agentii-ai/growth-hacking-kit,5,growth-marketing,medium,Y,,Y,Y,2026-01-05 (v0.3.4),"agentii-ai — Very low adoption (5 stars) but a genuinely full implementation, not a link list; MIT, recent release. Methodology/CLI rather than a skill or subagent library.","A Spec-Kit (github/spec-kit) fork that re-skins spec-driven development as spec-driven growth marketing: a growthkit CLI scaffolds /growthkit.specify→clarify→plan→tasks→implement slash commands plus a 7-principle ""Growth Constitution"" whose metrics-first gates (k-factor, time-to-wow, NRR) and mandatory pilot go/no-go checkpoints govern campaign execution for AI-SaaS products.",https://github.com/agentii-ai/growth-hacking-kit
57,2,rodrigorjsf/prd-generator-plugin,1,pm-framework,high,Y,Y,Y,Y,active (13 commits on main; recent),"rodrigorjsf (independent developer) — Very low adoption (1 star) and small history, so unvetted by the community. But architecturally the richest of the set for studyable patterns: explicit multi-agent pipeline, skills that generate skills, structured inter-agent context passing, hooks, and self-evolving docs. MIT licensed (fully open).","A Claude Code plugin that drives a product idea through a fixed 9-agent pipeline (interrogate -> research -> validate -> analyze -> design -> write -> stack-guide -> skills-generate -> ci/cd) to emit a research-backed PRD, architecture docs, per-layer CLAUDE.md guides, a CI/CD pipeline, and 7 project-specific enforcement skills that police later AI-assisted coding against the PRD.",https://github.com/rodrigorjsf/prd-generator-plugin
58,2,Nonarkara/second-brain-os,0,pattern-donor,medium,Y,Y,Y,,"2026 (recent; exact date not shown, README/structure complete)","Dr Non Arkaraprasertkul (Nonarkara) — individual; manages 28+ ASEAN projects — 0 stars, single-author, freshly published. But genuinely complete: real MCP server, executable skills, persona constraints, vault schema. Untested adoption; novelty is the markdown-traversal-over-RAG and multi-persona council design.","Personal OS merging Obsidian + Claude Code + a 'council' of three named AI sibling personas (Hannah, Radar, Tenet) running over Telegram bots with a PASS/DONE deliberation loop. Ships an Obsidian-bridge MCP server, nine Claude Code skills (/caveman, /grill-me, etc.), a nine-region vault architecture (Soul, Knowledge, Memory, Bridges, Senses, Reflexes, Scars, Vitals, Will) traversed via wikilinks instead of vector RAG, plus launchd automation and backup scripts.",https://github.com/Nonarkara/second-brain-os
59,1,nanagajui/agentic_prd,10,pm-team,medium,,Y,Y,Y,unknown,"nanagajui (personal account) — Only ~10 stars and ~6 commits; personal hobby project, MIT. Low adoption/maintenance signal, but it does contain a real multi-agent crewAI implementation with named PM roles and YAML-defined tasks.","A crewAI scaffold that turns a one-line app idea into an agentic-coder-ready PRD via a 5-agent product team (PM, PO, Designer, SME, QA Designer) running a fixed 7-task sequential pipeline defined entirely in agents.yaml/tasks.yaml.",https://github.com/nanagajui/agentic_prd
60,1,oimiragieo/BMAD-SPEC-KIT,5,pm-framework,medium,,Y,Y,,2025-12-09,"oimiragieo (individual; fork of bmad-code-org/BMAD-METHOD, ~49.8k-star upstream) — Only 5 stars and last pushed Dec 2025 — effectively an inactive personal fork. The substance is inherited from the well-known BMAD-METHOD upstream (49.8k stars). The Spec-Kit integration claim is the differentiator but adoption/maintenance of this fork is negligible.","A fork of bmad-code-org/BMAD-METHOD positioned as a hybrid integrating the BMAD agile multi-agent method with spec-driven workflows. Contains the inherited BMAD implementation: core framework + BMad Master agent, bmm (8 software-dev agents, 30+ workflows), bmgd (game-dev agents), bmb (agent builder), cis (creative agents), with scale-adaptive planning tracks and 19+ agents / 50+ workflows.",https://github.com/oimiragieo/BMAD-SPEC-KIT
61,1,AgriciDaniel/claude-obsidian,,pattern-donor,medium,,,,,unknown,"A second-brain / personal-knowledge repo with an explicit context-management (auto-filing, linking) design — directly on the CONTEXT-MANAGEMENT axis and the personal-OS category. Missing.","Self-organizing AI second brain for Obsidian + Claude Code: drop any source, Claude reads/links/files it into a connected Markdown knowledge graph (Karpathy LLM-Wiki pattern).",https://github.com/AgriciDaniel/claude-obsidian
62,1,buildermethods/design-os,,pm-framework,medium,,,,,unknown,Product-discovery-to-spec workflow sibling of agent-os; relevant as a product-process methodology repo bridging PM intent and build. Niche but on-topic for the PM-OS / framework axis.,Builder Methods' 'missing design process between product idea and codebase' — structured product/design spec workflow for AI agents.,https://github.com/buildermethods/design-os
63,1,deanpeters/product-manager-prompts,,pm-team,medium,,,,,unknown,Prompt-library precursor/companion to the already-listed deanpeters/Product-Manager-Skills; useful for tracing PM methodology lineage and comparing pre-skill prompt patterns. Niche but on-topic for PM.,"Repository of generative-AI prompts for product managers (ChatGPT, Claude, Gemini), by the author of Product-Manager-Skills.",https://github.com/deanpeters/product-manager-prompts
64,1,ericosiu/ai-marketing-skills,,growth-marketing,medium,,,,,unknown,"A growth/marketing skills pack with subagent-style task skills, 'battle-tested on real pipelines.' Fills the growth-marketing axis alongside coreyhaines/OpenClaudia already listed. Missing.","Open-source AI marketing skills (Single Brain): growth experiments, sales pipeline, content ops, outbound, SEO, finance automation.",https://github.com/ericosiu/ai-marketing-skills
65,0,talknerdytome-labs/claude-agents,14,growth-marketing,low,,Y,,,2025-09-08,"talknerdytome-labs (small/independent) — Low adoption (14 stars), stale (last push 2025-09-08, only 3 commits). Narrow marketing-intel scope; minimal validation of quality or maintenance.","Small collection of production-ready growth-marketing subagents for Claude Code powered by Claude + MCP servers: Website Intelligence (competitor messaging/positioning/pricing), Meta Ads Library agent, and Google Ads Library agent for competitive/marketing intelligence.",https://github.com/talknerdytome-labs/claude-agents
66,0,AgriciDaniel/claude-seo,,growth-marketing,low,Y,Y,Y,Y,unknown,"A strong example of skill+subagent decomposition (25 sub-skills, 18 sub-agents) for a marketing domain — valuable for the SKILLS + SUBAGENT implementation study within growth-marketing. Missing.","An MIT-licensed Claude Code plugin that decomposes the entire SEO domain into 25 sub-skills (skills/*/SKILL.md) + 18 specialist sub-agents (agents/*.md) + ~50 Python execution scripts, orchestrated by a single /seo entry skill that conditionally fans out parallel Task subagents and writes a structured audit-data.json artifact that downstream PDF generation consumes.",https://github.com/AgriciDaniel/claude-seo
67,0,andyrewlee/awesome-agent-orchestrators,,subagent-catalog,low,,,,,unknown,A discovery index specifically for multi-agent orchestration — a completeness safety-net for finding more SUBAGENT-axis frameworks. Missing.,Curated list of agent orchestrators / multi-agent harnesses.,https://github.com/andyrewlee/awesome-agent-orchestrators
68,0,anthropics/claude-cookbooks,,subagent-catalog,low,,,,,unknown,Official source for how Anthropic itself authors skills and subagent/tool-use patterns. The skills/ subtree is a direct primary source for the SKILLS and SUBAGENT axes.,Anthropic's official notebooks/recipes for building with Claude; includes a dedicated skills/ directory with custom-skill and doc-gen (Excel/PPT/PDF) examples.,https://github.com/anthropics/claude-cookbooks
69,0,buildermethods/bm-skills,,pm-core,low,,,,,unknown,Skills collection from the same author as agent-os; useful for SKILLS-axis comparison and as part of a recognized methodology brand. Lower priority but completes the Builder Methods cluster.,Open-source collection of builder skills from Brian Casel / Builder Methods.,https://github.com/buildermethods/bm-skills
70,0,dennisschneider/cursor-ai-prd-workflow,0,pm-framework,low,,,,,unknown,"Dennis Schneider (individual; fork of nurettincoban/ai-prd-workflow) — 0 stars, a personal fork, no adoption signals; just prompt templates with no SKILL.md/subagent/context-management implementation. The upstream original would be the canonical source.","A fork (of nurettincoban/ai-prd-workflow) of a PRD/RFC-driven Cursor workflow: ~7 markdown prompt templates (PRD creation, verification, feature extraction, rules generation, RFC breakdown, implementation, change management) plus a clipboard-copy shell script. Pure prompt/methodology library, no code or skills/subagents.",https://github.com/dennisschneider/cursor-ai-prd-workflow
71,0,netresearch/claude-code-marketplace,,subagent-catalog,low,,,,,unknown,A cross-agent skills marketplace implementing the open Agent Skills standard — relevant for how skills are packaged/distributed portably. Secondary catalog for the SKILLS axis.,"Curated Agent Skills collection / marketplace built on the open agentskills.io standard, portable across Claude Code, Cursor, Copilot, Codex, Gemini CLI, 30+ agents.",https://github.com/netresearch/claude-code-marketplace
72,0,rohan-patnaik/cursor-prd-rules,0,pm-framework,low,,,,,unknown (14 commits on main; no recent activity signal),"rohan-patnaik (individual; fork of snarktank/ai-dev-tasks) — 0 stars, individual fork of the more popular snarktank/ai-dev-tasks. No docs beyond a short README, no adoption signals, no notable backer. Effectively a personal copy of an existing pattern.","A small set of three .mdc 'Markdown Command' files for the Cursor editor that scaffold an AI-assisted dev workflow: create-prd.mdc (turn a feature idea into a Product Requirement Document), generate-tasks.mdc (decompose the PRD into a task list), and process-task-list.mdc (drive one-task-at-a-time implementation with human approval checkpoints). It is a fork of snarktank/ai-dev-tasks. The files are instructional prompt templates, not code.",https://github.com/rohan-patnaik/cursor-prd-rules
73,0,stellarlinkco/myclaude,,pm-framework,low,,,,,unknown,"A cross-harness multi-agent orchestration setup — relevant to the SUBAGENT axis as a smaller, concrete orchestration example. Lower priority. Missing.","Multi-agent orchestration workflow spanning Claude Code, Codex, Gemini, OpenCode.",https://github.com/stellarlinkco/myclaude
74,0,travisvn/awesome-claude-skills,,subagent-catalog,low,,,,,unknown,A focused awesome-list specifically for the Skills format (vs general Claude Code lists). Good secondary discovery surface for the SKILLS axis. Missing.,"Curated list of Claude Skills, resources, and tools focused on customizing Claude workflows (esp. Claude Code).",https://github.com/travisvn/awesome-claude-skills
